"Name","Agent","State","Notes","Tags","Created","Runtime","Sweep","batch_size","context_size","early_stopping_patience","evaluation_method","learning_rate","model","monitor_metric","num_steps","num_workers","optimizer","parent_depth","path","remove_null","representation","run_name","split_mode","split_num","split_size","validation_documents","validation_interval","vertical","warmup_steps","test/document/global/address/f1","test/document/global/address/precision","test/document/global/address/recall","test/document/global/author/f1","test/document/global/author/precision","test/document/global/author/recall","test/document/global/company/f1","test/document/global/company/precision","test/document/global/company/recall","test/document/global/cuisine/f1","test/document/global/cuisine/precision","test/document/global/cuisine/recall","test/document/global/date_posted/f1","test/document/global/date_posted/precision","test/document/global/date_posted/recall","test/document/global/director/f1","test/document/global/director/precision","test/document/global/director/recall","test/document/global/engine/f1","test/document/global/engine/precision","test/document/global/engine/recall","test/document/global/f1","test/document/global/fuel_economy/f1","test/document/global/fuel_economy/precision","test/document/global/fuel_economy/recall","test/document/global/genre/f1","test/document/global/genre/precision","test/document/global/genre/recall","test/document/global/height/f1","test/document/global/height/precision","test/document/global/height/recall","test/document/global/isbn_13/f1","test/document/global/isbn_13/precision","test/document/global/isbn_13/recall","test/document/global/location/f1","test/document/global/location/precision","test/document/global/location/recall","test/document/global/manufacturer/f1","test/document/global/manufacturer/precision","test/document/global/manufacturer/recall","test/document/global/model/f1","test/document/global/model/precision","test/document/global/model/recall","test/document/global/mpaa_rating/f1","test/document/global/mpaa_rating/precision","test/document/global/mpaa_rating/recall","test/document/global/name/f1","test/document/global/name/precision","test/document/global/name/recall","test/document/global/phone/f1","test/document/global/phone/precision","test/document/global/phone/recall","test/document/global/precision","test/document/global/price/f1","test/document/global/price/precision","test/document/global/price/recall","test/document/global/publication_date/f1","test/document/global/publication_date/precision","test/document/global/publication_date/recall","test/document/global/publisher/f1","test/document/global/publisher/precision","test/document/global/publisher/recall","test/document/global/recall","test/document/global/team/f1","test/document/global/team/precision","test/document/global/team/recall","test/document/global/title/f1","test/document/global/title/precision","test/document/global/title/recall","test/document/global/type/f1","test/document/global/type/precision","test/document/global/type/recall","test/document/global/website/f1","test/document/global/website/precision","test/document/global/website/recall","test/document/global/weight/f1","test/document/global/weight/precision","test/document/global/weight/recall","test/document/instance/address/em","test/document/instance/address/f1","test/document/instance/author/em","test/document/instance/author/f1","test/document/instance/company/em","test/document/instance/company/f1","test/document/instance/cuisine/em","test/document/instance/cuisine/f1","test/document/instance/date_posted/em","test/document/instance/date_posted/f1","test/document/instance/director/em","test/document/instance/director/f1","test/document/instance/em","test/document/instance/engine/em","test/document/instance/engine/f1","test/document/instance/f1","test/document/instance/fuel_economy/em","test/document/instance/fuel_economy/f1","test/document/instance/genre/em","test/document/instance/genre/f1","test/document/instance/height/em","test/document/instance/height/f1","test/document/instance/isbn_13/em","test/document/instance/isbn_13/f1","test/document/instance/location/em","test/document/instance/location/f1","test/document/instance/manufacturer/em","test/document/instance/manufacturer/f1","test/document/instance/model/em","test/document/instance/model/f1","test/document/instance/mpaa_rating/em","test/document/instance/mpaa_rating/f1","test/document/instance/name/em","test/document/instance/name/f1","test/document/instance/phone/em","test/document/instance/phone/f1","test/document/instance/price/em","test/document/instance/price/f1","test/document/instance/publication_date/em","test/document/instance/publication_date/f1","test/document/instance/publisher/em","test/document/instance/publisher/f1","test/document/instance/team/em","test/document/instance/team/f1","test/document/instance/title/em","test/document/instance/title/f1","test/document/instance/type/em","test/document/instance/type/f1","test/document/instance/website/em","test/document/instance/website/f1","test/document/instance/weight/em","test/document/instance/weight/f1","test/segment/em","test/segment/f1","train/document/global/address/f1","train/document/global/address/precision","train/document/global/address/recall","train/document/global/author/f1","train/document/global/author/precision","train/document/global/author/recall","train/document/global/company/f1","train/document/global/company/precision","train/document/global/company/recall","train/document/global/cuisine/f1","train/document/global/cuisine/precision","train/document/global/cuisine/recall","train/document/global/date_posted/f1","train/document/global/date_posted/precision","train/document/global/date_posted/recall","train/document/global/director/f1","train/document/global/director/precision","train/document/global/director/recall","train/document/global/engine/f1","train/document/global/engine/precision","train/document/global/engine/recall","train/document/global/f1","train/document/global/fuel_economy/f1","train/document/global/fuel_economy/precision","train/document/global/fuel_economy/recall","train/document/global/genre/f1","train/document/global/genre/precision","train/document/global/genre/recall","train/document/global/height/f1","train/document/global/height/precision","train/document/global/height/recall","train/document/global/isbn_13/f1","train/document/global/isbn_13/precision","train/document/global/isbn_13/recall","train/document/global/location/f1","train/document/global/location/precision","train/document/global/location/recall","train/document/global/manufacturer/f1","train/document/global/manufacturer/precision","train/document/global/manufacturer/recall","train/document/global/model/f1","train/document/global/model/precision","train/document/global/model/recall","train/document/global/mpaa_rating/f1","train/document/global/mpaa_rating/precision","train/document/global/mpaa_rating/recall","train/document/global/name/f1","train/document/global/name/precision","train/document/global/name/recall","train/document/global/phone/f1","train/document/global/phone/precision","train/document/global/phone/recall","train/document/global/precision","train/document/global/price/f1","train/document/global/price/precision","train/document/global/price/recall","train/document/global/publication_date/f1","train/document/global/publication_date/precision","train/document/global/publication_date/recall","train/document/global/publisher/f1","train/document/global/publisher/precision","train/document/global/publisher/recall","train/document/global/recall","train/document/global/team/f1","train/document/global/team/precision","train/document/global/team/recall","train/document/global/title/f1","train/document/global/title/precision","train/document/global/title/recall","train/document/global/type/f1","train/document/global/type/precision","train/document/global/type/recall","train/document/global/website/f1","train/document/global/website/precision","train/document/global/website/recall","train/document/global/weight/f1","train/document/global/weight/precision","train/document/global/weight/recall","train/document/instance/address/em","train/document/instance/address/f1","train/document/instance/author/em","train/document/instance/author/f1","train/document/instance/company/em","train/document/instance/company/f1","train/document/instance/cuisine/em","train/document/instance/cuisine/f1","train/document/instance/date_posted/em","train/document/instance/date_posted/f1","train/document/instance/director/em","train/document/instance/director/f1","train/document/instance/em","train/document/instance/engine/em","train/document/instance/engine/f1","train/document/instance/f1","train/document/instance/fuel_economy/em","train/document/instance/fuel_economy/f1","train/document/instance/genre/em","train/document/instance/genre/f1","train/document/instance/height/em","train/document/instance/height/f1","train/document/instance/isbn_13/em","train/document/instance/isbn_13/f1","train/document/instance/location/em","train/document/instance/location/f1","train/document/instance/manufacturer/em","train/document/instance/manufacturer/f1","train/document/instance/model/em","train/document/instance/model/f1","train/document/instance/mpaa_rating/em","train/document/instance/mpaa_rating/f1","train/document/instance/name/em","train/document/instance/name/f1","train/document/instance/phone/em","train/document/instance/phone/f1","train/document/instance/price/em","train/document/instance/price/f1","train/document/instance/publication_date/em","train/document/instance/publication_date/f1","train/document/instance/publisher/em","train/document/instance/publisher/f1","train/document/instance/team/em","train/document/instance/team/f1","train/document/instance/title/em","train/document/instance/title/f1","train/document/instance/type/em","train/document/instance/type/f1","train/document/instance/website/em","train/document/instance/website/f1","train/document/instance/weight/em","train/document/instance/weight/f1","train/loss","train/segment/em","train/segment/f1","val/document/global/address/f1","val/document/global/address/precision","val/document/global/address/recall","val/document/global/author/f1","val/document/global/author/precision","val/document/global/author/recall","val/document/global/company/f1","val/document/global/company/precision","val/document/global/company/recall","val/document/global/cuisine/f1","val/document/global/cuisine/precision","val/document/global/cuisine/recall","val/document/global/date_posted/f1","val/document/global/date_posted/precision","val/document/global/date_posted/recall","val/document/global/director/f1","val/document/global/director/precision","val/document/global/director/recall","val/document/global/engine/f1","val/document/global/engine/precision","val/document/global/engine/recall","val/document/global/f1","val/document/global/fuel_economy/f1","val/document/global/fuel_economy/precision","val/document/global/fuel_economy/recall","val/document/global/genre/f1","val/document/global/genre/precision","val/document/global/genre/recall","val/document/global/height/f1","val/document/global/height/precision","val/document/global/height/recall","val/document/global/isbn_13/f1","val/document/global/isbn_13/precision","val/document/global/isbn_13/recall","val/document/global/location/f1","val/document/global/location/precision","val/document/global/location/recall","val/document/global/manufacturer/f1","val/document/global/manufacturer/precision","val/document/global/manufacturer/recall","val/document/global/model/f1","val/document/global/model/precision","val/document/global/model/recall","val/document/global/mpaa_rating/f1","val/document/global/mpaa_rating/precision","val/document/global/mpaa_rating/recall","val/document/global/name/f1","val/document/global/name/precision","val/document/global/name/recall","val/document/global/phone/f1","val/document/global/phone/precision","val/document/global/phone/recall","val/document/global/precision","val/document/global/price/f1","val/document/global/price/precision","val/document/global/price/recall","val/document/global/publication_date/f1","val/document/global/publication_date/precision","val/document/global/publication_date/recall","val/document/global/publisher/f1","val/document/global/publisher/precision","val/document/global/publisher/recall","val/document/global/recall","val/document/global/team/f1","val/document/global/team/precision","val/document/global/team/recall","val/document/global/title/f1","val/document/global/title/precision","val/document/global/title/recall","val/document/global/type/f1","val/document/global/type/precision","val/document/global/type/recall","val/document/global/website/f1","val/document/global/website/precision","val/document/global/website/recall","val/document/global/weight/f1","val/document/global/weight/precision","val/document/global/weight/recall","val/document/instance/address/em","val/document/instance/address/f1","val/document/instance/author/em","val/document/instance/author/f1","val/document/instance/company/em","val/document/instance/company/f1","val/document/instance/cuisine/em","val/document/instance/cuisine/f1","val/document/instance/date_posted/em","val/document/instance/date_posted/f1","val/document/instance/director/em","val/document/instance/director/f1","val/document/instance/em","val/document/instance/engine/em","val/document/instance/engine/f1","val/document/instance/f1","val/document/instance/fuel_economy/em","val/document/instance/fuel_economy/f1","val/document/instance/genre/em","val/document/instance/genre/f1","val/document/instance/height/em","val/document/instance/height/f1","val/document/instance/isbn_13/em","val/document/instance/isbn_13/f1","val/document/instance/location/em","val/document/instance/location/f1","val/document/instance/manufacturer/em","val/document/instance/manufacturer/f1","val/document/instance/model/em","val/document/instance/model/f1","val/document/instance/mpaa_rating/em","val/document/instance/mpaa_rating/f1","val/document/instance/name/em","val/document/instance/name/f1","val/document/instance/phone/em","val/document/instance/phone/f1","val/document/instance/price/em","val/document/instance/price/f1","val/document/instance/publication_date/em","val/document/instance/publication_date/f1","val/document/instance/publisher/em","val/document/instance/publisher/f1","val/document/instance/team/em","val/document/instance/team/f1","val/document/instance/title/em","val/document/instance/title/f1","val/document/instance/type/em","val/document/instance/type/f1","val/document/instance/website/em","val/document/instance/website/f1","val/document/instance/weight/em","val/document/instance/weight/f1","val/segment/em","val/segment/f1"
"context-size-512-university","pl13qh48","finished","-","","2022-09-11T14:03:23.000Z","25321","sf86fzh8","64","512","20","greedy","0.00005","bert","document/instance/f1","50000","8","adamw","3","","false","html","context-size-{context_size}-{vertical}","","","","150","1000","university","1000","","","","","","","","","","","","","","","","","","","","","","0.9961307303884216","","","","","","","","","","","","","","","","","","","","","","","","","0.9934171154997008","0.9934171154997008","0.9934171154997008","0.997621474685695","0.9972826086956522","0.9979605710401088","0.9958150426421428","","","","","","","","","","0.9964469061070022","","","","","","","1","1","1","0.9934843313682904","0.9925604463732176","0.9944099378881988","","","","","","","","","","","","","","","","0.9959605026929982","","","0.9977602198652468","","","","","","","","","","","","","","","","","0.9934171154997008","0.996961709080201","0.997606223818073","0.9978911971730644","","","","","","","","","","","1","1","0.992818671454219","0.996187973207722","","","0.9983809043667106","0.9985781369612914","","","","","","","","","","","","","","","","","","","","","","0.9973841557986938","","","","","","","","","","","","","","","","","","","","","","","","","0.9949056038357806","0.9958008398320336","0.994011976047904","0.9993141289437586","0.9993141289437586","0.9993141289437586","0.9973751239781028","","","","","","","","","","0.9973940262479156","","","","","","","1","1","1","0.9953168904152356","0.9943855271366188","0.99625","","","","","","","","","","","","","","","","0.997005988023952","","","0.9983921874864988","","","","","","","","","","","","","","","","","0.994011976047904","0.9964045070033094","0.9994011976047904","0.9996863416025092","","","","","","","","","","","1","1","0.9946107784431136","0.9974779013401768","","","0.011060815989822004","0.9983271213409184","0.9985341233419658","","","","","","","","","","","","","","","","","","","","","","0.9972832892123258","","","","","","","","","","","","","","","","","","","","","","","","","0.9958083832335328","0.9958083832335328","0.9958083832335328","0.9982998979938796","0.9979605710401088","0.998639455782313","0.997198457473883","","","","","","","","","","0.997368178659434","","","","","","","1","1","1","0.9950248756218906","0.9950248756218906","0.9950248756218906","","","","","","","","","","","","","","","","0.9973053892215568","","","0.9989928941289264","","","","","","","","","","","","","","","","","0.9958083832335328","0.9984963406520294","0.9982035928143712","0.998801155453069","","","","","","","","","","","1","1","0.9952095808383232","0.9986740804106072","","","0.9982704692811452","0.9984938405510296"
"context-size-512-restaurant","0hsihjo6","finished","-","","2022-09-11T10:00:00.000Z","43853","sf86fzh8","64","512","20","greedy","0.00005","bert","document/instance/f1","50000","8","adamw","3","","false","html","context-size-{context_size}-{vertical}","","","","150","1000","restaurant","1000","0.9415","0.9415","0.9415","","","","","","","0.9710837314558712","0.9698643897538926","0.972306143001007","","","","","","","","","","0.9737699288479036","","","","","","","","","","","","","","","","","","","","","","","","","0.9835","0.9835","0.9835","0.998995983935743","0.998995983935743","0.998995983935743","0.9734650934224088","","","","","","","","","","0.9740755317341876","","","","","","","","","","","","","","","","0.9415","0.9560714450926968","","","","","0.97","0.9709583333333334","","","","","0.9735","","","0.979745639050952","","","","","","","","","","","","","","","","","0.9835","0.9922861111111112","0.999","0.9996666666666666","","","","","","","","","","","","","","","","","0.9747365816742344","0.9768962017230952","0.945","0.945","0.945","","","","","","","0.9735049205147616","0.9703219315895372","0.9767088607594936","","","","","","","","","","0.9756262301286904","","","","","","","","","","","","","","","","","","","","","","","","","0.984","0.984","0.984","1","1","1","0.9748304828973844","","","","","","","","","","0.9764272151898734","","","","","","","","","","","","","","","","0.945","0.9579241681918396","","","","","0.9705","0.9719166666666668","","","","","0.974875","","","0.9808331253812932","","","","","","","","","","","","","","","","","0.984","0.9934916666666668","1","1","","","","","","","","","","","","","","","","","0.7100587785243988","0.975397041447536","0.9775281217203516","0.9355","0.9355","0.9355","","","","","","","0.968149646107179","0.9671717171717172","0.9691295546558704","","","","","","","","","","0.9714120353984096","","","","","","","","","","","","","","","","","","","","","","","","","0.9825","0.9825","0.9825","0.9994984954864594","0.9994984954864594","0.9994984954864594","0.9711675531645442","","","","","","","","","","0.9716570125355825","","","","","","","","","","","","","","","","0.9355","0.9506586958946968","","","","","0.9675","0.968875","","","","","0.97125","","","0.9782113085890588","","","","","","","","","","","","","","","","","0.9825","0.9935615384615384","0.9995","0.99975","","","","","","","","","","","","","","","","","0.9747075964106336","0.9769876964239194"
"context-size-512-nbaplayer","pl13qh48","finished","-","","2022-09-11T02:46:04.000Z","40589","sf86fzh8","64","512","20","greedy","0.00005","bert","document/instance/f1","50000","8","adamw","3","","false","html","context-size-{context_size}-{vertical}","","","","150","1000","nbaplayer","1000","","","","","","","","","","","","","","","","","","","","","","0.9718858913847308","","","","","","","0.9477434679334916","0.9950124688279302","0.9047619047619048","","","","","","","","","","","","","","","","0.9909297052154196","0.9909297052154196","0.9909297052154196","","","","0.9958605435108374","","","","","","","","","","0.9501133786848072","1","1","1","","","","","","","","","","0.948870392390012","0.9975","0.9047619047619048","","","","","","","","","","","","","0.9501133786848072","","","0.9517951625094484","","","","","0.9047619047619048","0.9062736205593348","","","","","","","","","","","0.9909297052154196","0.9961451247165534","","","","","","","","","1","1","","","","","","","0.9047619047619048","0.9047619047619048","0.993413806352459","0.9934297080714636","","","","","","","","","","","","","","","","","","","","","","0.9737424124594352","","","","","","","0.9537366548042704","0.9975186104218362","0.9136363636363636","","","","","","","","","","","","","","","","0.9863636363636364","0.9863636363636364","0.9863636363636364","","","","0.995970561696368","","","","","","","","","","0.9534090909090908","1","1","1","","","","","","","","","","0.9548693586698338","1","0.9136363636363636","","","","","","","","","","","","","0.9534090909090908","","","0.9548295454545456","","","","","0.9136363636363636","0.9143939393939392","","","","","","","","","","","0.9863636363636364","0.9912878787878788","","","","","","","","","1","1","","","","","","","0.9136363636363636","0.9136363636363636","0.1089933690750513","0.9937764890302354","0.9938010944086244","","","","","","","","","","","","","","","","","","","","","","0.9694916128765948","","","","","","","0.9452380952380952","0.9925","0.9022727272727272","","","","","","","","","","","","","","","","0.9863636363636364","0.9863636363636364","0.9863636363636364","","","","0.993462776258829","","","","","","","","","","0.9477272727272728","1","1","1","","","","","","","","","","0.9463647199046484","0.9949874686716792","0.9022727272727272","","","","","","","","","","","","","0.9477272727272728","","","0.949090909090909","","","","","0.9022727272727272","0.903030303030303","","","","","","","","","","","0.9863636363636364","0.9901515151515152","","","","","","","","","1","1","","","","","","","0.9022727272727272","0.903181818181818","0.9933528637673894","0.9933688616683088"
"context-size-512-movie","0hsihjo6","finished","-","","2022-09-10T22:01:32.000Z","43053","sf86fzh8","64","512","20","greedy","0.00005","bert","document/instance/f1","50000","8","adamw","3","","false","html","context-size-{context_size}-{vertical}","","","","150","1000","movie","1000","","","","","","","","","","","","","","","","0.9527400703871292","0.9522613065326632","0.9532193158953722","","","","0.952431856478835","","","","0.8922381311228335","0.8902255639097745","0.8942598187311178","","","","","","","","","","","","","","","","0.9772492244053776","0.9947368421052633","0.9603658536585366","","","","","","","0.9561809281369252","","","","","","","","","","0.9488362470712568","","","","0.9875","0.9875","0.9875","","","","","","","","","","","","","","","","","","","","0.952","0.9625328971298664","0.947375","","","0.9534178349359386","","","0.8905","0.896553869047619","","","","","","","","","","","0.9595","0.9595","","","","","","","","","","","","","0.9875","0.9950845735662686","","","","","","","0.9830134186022524","0.983622892441026","","","","","","","","","","","","","","","","0.9625910118001506","0.9618665328650275","0.9633165829145728","","","","0.952884519941294","","","","0.8771752837326607","0.8734304369663486","0.8809523809523809","","","","","","","","","","","","","","","","0.9797717842323652","0.9984143763213532","0.9618126272912424","","","","","","","0.9564278365381822","","","","","","","","","","0.9495203977895492","","","","0.992","0.992","0.992","","","","","","","","","","","","","","","","","","","","0.962","0.9715328520499108","0.9475","","","0.9532060552743824","","","0.874","0.8821681547619047","","","","","","","","","","","0.962","0.962","","","","","","","","","","","","","0.992","0.9971232142857144","","","","","","","0.690366305410862","0.984454910300504","0.9849734354834172","","","","","","","","","","","","","","","","0.951568381430364","0.951329653788259","0.9518072289156626","","","","0.9499436376559888","","","","0.8854271356783919","0.8818818818818819","0.8890010090817356","","","","","","","","","","","","","","","","0.9742790335151988","0.9904912836767036","0.9585889570552149","","","","","","","0.9530507048367112","","","","","","","","","","0.9469742987631532","","","","0.9885","0.9885","0.9885","","","","","","","","","","","","","","","","","","","","0.9515","0.9647509808408488","0.944","","","0.9507089460579756","","","0.882","0.8891389880952382","","","","","","","","","","","0.954","0.954","","","","","","","","","","","","","0.9885","0.9949458152958152","","","","","","","0.982774474345614","0.9833999394296422"
"context-size-512-job","pl13qh48","finished","-","","2022-09-10T19:51:05.000Z","24849","sf86fzh8","64","512","20","greedy","0.00005","bert","document/instance/f1","50000","8","adamw","3","","false","html","context-size-{context_size}-{vertical}","","","","150","1000","job","1000","","","","","","","0.9995","0.9995","0.9995","","","","1","1","1","","","","","","","0.9986244994994996","","","","","","","","","","","","","0.997997997997998","0.998997995991984","0.997","","","","","","","","","","","","","","","","0.998874498997996","","","","","","","","","","0.998375","","","","0.997","0.997","0.997","","","","","","","","","","","","","","0.9995","0.9995","","","1","1","","","0.998375","","","0.9988022727272728","","","","","","","","","0.997","0.9973333333333334","","","","","","","","","","","","","","","","","","","0.997","0.9983757575757576","","","","","","","0.98871936052822","0.9890361684139098","","","","","","","0.999","0.999","0.999","","","","1","1","1","","","","","","","0.9988121716287216","","","","","","","","","","","","","0.9982486865148864","0.99899849774662","0.9975","","","","","","","","","","","","","","","","0.998999624436655","","","","","","","","","","0.998625","","","","0.998","0.998","0.998","","","","","","","","","","","","","","0.999","0.9993333333333334","","","1","1","","","0.998625","","","0.9989908730158732","","","","","","","","","0.9975","0.9979","","","","","","","","","","","","","","","","","","","0.998","0.9987301587301588","","","","","","","0.5513067543506622","0.989721541571156","0.9898485813916742","","","","","","","0.999","0.999","0.999","","","","0.999687597625742","0.999375390381012","1","","","","","","","0.9979843525197138","","","","","","","","","","","","","0.9992498124531132","0.9994997498749376","0.999","","","","","","","","","","","","","","","","0.9979687850639872","","","","","","","","","","0.998","","","","0.994","0.994","0.994","","","","","","","","","","","","","","0.999","0.999","","","0.9995","0.9995","","","0.997875","","","0.998833547008547","","","","","","","","","0.999","0.9994","","","","","","","","","","","","","","","","","","","0.994","0.997434188034188","","","","","","","0.9886213313602834","0.9890368620611488"
"context-size-512-camera","pl13qh48","finished","-","","2022-09-10T07:54:32.000Z","42948","sf86fzh8","64","512","20","greedy","0.00005","bert","document/instance/f1","50000","8","adamw","3","","false","html","context-size-{context_size}-{vertical}","","","","150","1000","camera","1000","","","","","","","","","","","","","","","","","","","","","","0.9936434119323851","","","","","","","","","","","","","","","","0.9923809523809524","0.9904942965779469","0.9942748091603052","0.9923954372623576","0.9923954372623576","0.9923954372623576","","","","","","","","","","0.9930145266647168","0.9961538461538462","0.9961538461538462","0.9961538461538462","","","","","","","0.994274697525503","","","","","","","","","","","","","","","","","","","","","","","","","","","","0.9930291508238276","","","0.9970517555455616","","","","","","","","","","","0.9904942965779469","0.9932826362484156","0.9923954372623576","0.9997737710726794","","","","","","","0.9961977186311788","0.9980988593155894","","","","","","","","","","","","","","","0.9903443784091834","0.9910968844550732","","","","","","","","","","","","","","","","","","","","","","0.9980988593155894","","","","","","","","","","","","","","","","1","1","1","0.994296577946768","0.994296577946768","0.994296577946768","","","","","","","","","","0.9980988593155894","1","1","1","","","","","","","0.9980988593155894","","","","","","","","","","","","","","","","","","","","","","","","","","","","0.9980988593155894","","","0.9999349826346025","","","","","","","","","","","1","1","0.994296577946768","0.9998049479038073","","","","","","","1","1","","","","","","","","","","","","","","","0.5498616173863411","0.9907339752436932","0.9914066335638856","","","","","","","","","","","","","","","","","","","","","","0.9936568290180458","","","","","","","","","","","","","","","","0.9904761904761904","0.9904761904761904","0.9904761904761904","0.9904942965779469","0.9904942965779469","0.9904942965779469","","","","","","","","","","0.9936568290180458","1","1","1","","","","","","","0.9936568290180458","","","","","","","","","","","","","","","","","","","","","","","","","","","","0.9930291508238276","","","0.9966684171398216","","","","","","","","","","","0.988593155893536","0.9913814955640052","0.9904942965779469","0.99862375585546","","","","","","","1","1","","","","","","","","","","","","","","","0.9903161109587642","0.9908814027127282"
"context-size-512-book","0hsihjo6","finished","-","","2022-09-10T06:54:26.000Z","54370","sf86fzh8","64","512","20","greedy","0.00005","bert","document/instance/f1","50000","8","adamw","3","","false","html","context-size-{context_size}-{vertical}","","","","150","1000","book","1000","","","","0.9598191863385236","0.9593373493975904","0.9603015075376884","","","","","","","","","","","","","","","","0.9888577894777636","","","","","","","","","","0.9995","0.9995","0.9995","","","","","","","","","","","","","","","","","","","0.9882599259721764","","","","0.9989954796584632","0.9989954796584632","0.9989954796584632","0.9969742813918304","0.994466800804829","0.999494438827098","0.98945828520465","","","","0.989","0.989","0.989","","","","","","","","","","","","0.9595","0.9734254903087156","","","","","","","","","0.9883","","","0.9924540325089384","","","","","","","0.9995","0.9995","","","","","","","","","","","","","","","0.999","0.99925","0.9945","0.9945","","","0.989","0.9955946722359766","","","","","","","0.9912547662937804","0.9915377837174816","","","","0.9716009047499372","0.9703815261044176","0.9728233517866128","","","","","","","","","","","","","","","","0.9914168336448403","","","","","","","","","","0.9985","0.9985","0.9985","","","","","","","","","","","","","","","","","","","0.9906716838717708","","","","0.9997485541865728","0.9994972347913524","1","0.997734709287692","0.9954796584630838","1","0.9921646703573226","","","","0.9895","0.9895","0.9895","","","","","","","","","","","","0.9705","0.976769580283597","","","","","","","","","0.9907","","","0.9935092451196188","","","","","","","0.9985","0.9985","","","","","","","","","","","","","","","0.9995","0.9995","0.9955","0.9955","","","0.9895","0.9972766453144978","","","","","","","0.5818763747811317","0.993221083455344","0.9933425078769254","","","","0.961451247165533","0.9607250755287008","0.962178517397882","","","","","","","","","","","","","","","","0.9893861915847888","","","","","","","","","","0.999","0.999","0.999","","","","","","","","","","","","","","","","","","","0.9887389788884364","","","","0.999748427672956","0.999496981891348","1","0.997731283085455","0.9954728370221329","1","0.9900357034795764","","","","0.989","0.989","0.989","","","","","","","","","","","","0.96","0.9704060253176212","","","","","","","","","0.9886","","","0.9922195258366177","","","","","","","0.999","0.999","","","","","","","","","","","","","","","0.9995","0.9995","0.9955","0.9955","","","0.989","0.9966916038654664","","","","","","","0.9912814659178149","0.9915825934413328"
"context-size-512-auto","0hsihjo6","finished","-","","2022-09-09T23:42:55.000Z","25838","sf86fzh8","64","512","20","greedy","0.00005","bert","document/instance/f1","50000","8","adamw","3","","false","html","context-size-{context_size}-{vertical}","","","","150","1000","auto","1000","","","","","","","","","","","","","","","","","","","0.9937027707808564","0.9962121212121212","0.9912060301507538","0.997719423944918","0.9994058229352348","0.9994058229352348","0.9994058229352348","","","","","","","","","","","","","","","","0.9977691020635806","0.9977691020635806","0.9977691020635806","","","","","","","","","","0.9983467615527342","1","1","1","","","","","","","0.9970952387873924","","","","","","","","","","","","","","","","","","","","","","","","","","","","0.9972113775794758","0.9916341327384272","0.9933497994847688","0.9981509884117248","0.9994422755158952","0.9997211377579476","","","","","","","","","","","0.9977691020635806","0.999533016404182","","","","","","","1","1","","","","","","","","","","","","","","","0.9948240603028664","0.9953526041294354","","","","","","","","","","","","","","","","","","","0.9933983024206224","0.9949622166246852","0.9918392969240428","0.9977217269894456","1","1","1","","","","","","","","","","","","","","","","0.9977678571428572","0.9977678571428572","0.9977678571428572","","","","","","","","","","0.9981825184418855","0.9997207483943032","1","0.9994416527079844","","","","","","","0.997262201693721","","","","","","","","","","","","","","","","","","","","","","","","","","","","0.9974888392857144","0.9927455357142856","0.994824065443485","0.9984037470156332","1","1","","","","","","","","","","","0.9977678571428572","0.9993489583333331","","","","","","","0.9994419642857144","0.9994419642857144","","","","","","","","","","","","","","","0.8004100397229195","0.9946427950231334","0.995160440763422","","","","","","","","","","","","","","","","","","","0.9930817610062892","0.9943324937027708","0.9918341708542714","0.9970845559215766","1","1","1","","","","","","","","","","","","","","","","0.9955357142857144","0.9955357142857144","0.9955357142857144","","","","","","","","","","0.9974670519971212","0.9997207483943032","1","0.9994416527079844","","","","","","","0.9967028844619924","","","","","","","","","","","","","","","","","","","","","","","","","","","","0.9969308035714286","0.9927455357142856","0.9948228041216488","0.9982506361919768","1","1","","","","","","","","","","","0.9955357142857144","0.9987377763605442","","","","","","","0.9994419642857144","0.9994419642857144","","","","","","","","","","","","","","","0.9948294084247334","0.995359479194716"
"context-size-256-university","pl13qh48","finished","-","","2022-09-09T23:07:26.000Z","31572","sf86fzh8","64","256","20","greedy","0.00005","bert","document/instance/f1","50000","8","adamw","3","","false","html","context-size-{context_size}-{vertical}","","","","150","1000","university","1000","","","","","","","","","","","","","","","","","","","","","","0.9894979646860678","","","","","","","","","","","","","","","","","","","","","","","","","0.9994015559545184","0.9994015559545184","0.9994015559545184","0.9592114208021754","0.9592114208021754","0.9592114208021754","0.9894979646860678","","","","","","","","","","0.9894979646860678","","","","","","","1","1","1","0.9993788819875776","0.9993788819875776","0.9993788819875776","","","","","","","","","","","","","","","","0.990724117295033","","","0.996459206064233","","","","","","","","","","","","","","","","","0.9994015559545184","0.9997007779772592","0.9640933572710952","0.9862856572910432","","","","","","","","","","","1","1","0.9994015559545184","0.9998503889886295","","","0.999073223713731","0.9991573207244584","","","","","","","","","","","","","","","","","","","","","","0.9914312400839348","","","","","","","","","","","","","","","","","","","","","","","","","0.9982035928143712","0.9982035928143712","0.9982035928143712","0.9675213675213674","0.9678522571819426","0.9671907040328092","0.9915139624990784","","","","","","","","","","0.9913485742117952","","","","","","","1","1","1","1","1","1","","","","","","","","","","","","","","","","0.9923652694610778","","","0.9968135158254918","","","","","","","","","","","","","","","","","0.9982035928143712","0.9993299116053608","0.97125748502994","0.9879241516966067","","","","","","","","","","","1","1","1","1","","","0.005701629888790194","0.99919402852086","0.9992520877329736","","","","","","","","","","","","","","","","","","","","","","0.988492545264659","","","","","","","","","","","","","","","","","","","","","","","","","0.9982035928143712","0.9982035928143712","0.9982035928143712","0.9560776302349336","0.9570552147239264","0.9551020408163264","0.9888147018845744","","","","","","","","","","0.9881709357708583","","","","","","","1","1","1","0.9996889580093312","1","0.9993781094527364","","","","","","","","","","","","","","","","0.9895209580838324","","","0.9948203592814372","","","","","","","","","","","","","","","","","0.9982035928143712","0.9992015968063872","0.9604790419161676","0.9806786427145708","","","","","","","","","","","1","1","0.9994011976047904","0.9994011976047904","","","0.999069183213384","0.9991727829775904"
"context-size-256-restaurant","0hsihjo6","finished","-","","2022-09-09T17:07:44.000Z","23660","sf86fzh8","64","256","20","greedy","0.00005","bert","document/instance/f1","50000","8","adamw","3","","false","html","context-size-{context_size}-{vertical}","","","","150","1000","restaurant","1000","0.9585","0.9585","0.9585","","","","","","","0.9633534136546184","0.9604604604604604","0.9662638469284996","","","","","","","","","","0.9755236772295484","","","","","","","","","","","","","","","","","","","","","","","","","0.981245311327832","0.9814907453726864","0.981","0.998995983935743","0.998995983935743","0.998995983935743","0.9748617974422225","","","","","","","","","","0.9761899577160604","","","","","","","","","","","","","","","","0.9585","0.966142901303592","","","","","0.9605","0.9631666666666668","","","","","0.97475","","","0.9800556116895344","","","","","","","","","","","","","","","","","0.981","0.9912462121212122","0.999","0.9996666666666666","","","","","","","","","","","","","","","","","0.9797370764834676","0.980893640084988","0.963","0.963","0.963","","","","","","","0.9587525150905432","0.9534767383691846","0.9640870005058167","","","","","","","","","","0.9750612443505252","","","","","","","","","","","","","","","","","","","","","","","","","0.98","0.98","0.98","0.9984924623115576","0.9984924623115576","0.9984924623115576","0.9737423001701856","","","","","","","","","","0.9763948657043436","","","","","","","","","","","","","","","","0.963","0.9708853490983594","","","","","0.9535","0.9554543650793652","","","","","0.973625","","","0.978942071401574","","","","","","","","","","","","","","","","","0.98","0.9907619047619048","0.998","0.9986666666666668","","","","","","","","","","","","","","","","","0.6668868064880371","0.97955085219335","0.9806861879539271","0.9615","0.9615","0.9615","","","","","","","0.9519254971054618","0.9469203805708564","0.9569838056680162","","","","","","","","","","0.9732309981479804","","","","","","","","","","","","","","","","","","","","","","","","","0.98","0.98","0.98","0.9994984954864594","0.9994984954864594","0.9994984954864594","0.9719797190143288","","","","","","","","","","0.974495575288619","","","","","","","","","","","","","","","","0.9615","0.9680297144924968","","","","","0.947","0.9483666666666666","","","","","0.972","","","0.9770740037146992","","","","","","","","","","","","","","","","","0.98","0.9921496336996338","0.9995","0.99975","","","","","","","","","","","","","","","","","0.9796679557175983","0.9808734607626012"
"context-size-256-nbaplayer","pl13qh48","finished","-","","2022-09-09T13:25:46.000Z","34851","sf86fzh8","64","256","20","greedy","0.00005","bert","document/instance/f1","50000","8","adamw","3","","false","html","context-size-{context_size}-{vertical}","","","","150","1000","nbaplayer","1000","","","","","","","","","","","","","","","","","","","","","","0.9727324263038548","","","","","","","0.95","1","0.9047619047619048","","","","","","","","","","","","","","","","0.9909297052154196","0.9909297052154196","0.9909297052154196","","","","0.9977324263038548","","","","","","","","","","0.9501133786848072","1","1","1","","","","","","","","","","0.95","1","0.9047619047619048","","","","","","","","","","","","","0.9501133786848072","","","0.9513551452326964","","","","","0.9047619047619048","0.9047619047619048","","","","","","","","","","","0.9909297052154196","0.9958967714069756","","","","","","","","","1","1","","","","","","","0.9047619047619048","0.9047619047619048","0.9937603156591708","0.9937728807051328","","","","","","","","","","","","","","","","","","","","","","0.9719796650717704","","","","","","","0.9473684210526316","1","0.9","","","","","","","","","","","","","","","","0.9931818181818182","0.9931818181818182","0.9931818181818182","","","","0.9982954545454544","","","","","","","","","","0.9482954545454544","1","1","1","","","","","","","","","","0.9473684210526316","1","0.9","","","","","","","","","","","","","0.9482954545454544","","","0.9488636363636364","","","","","0.9","0.9","","","","","","","","","","","0.9931818181818182","0.9954545454545456","","","","","","","","","1","1","","","","","","","0.9","0.9","0.10305799543857574","0.9940324060421376","0.9940419629301964","","","","","","","","","","","","","","","","","","","","","","0.9731766590637558","","","","","","","0.9486260454002388","1","0.9022727272727272","","","","","","","","","","","","","","","","0.9954545454545456","0.9954545454545456","0.9954545454545456","","","","0.9988636363636364","","","","","","","","","","0.95","1","1","1","","","","","","","","","","0.9486260454002388","1","0.9022727272727272","","","","","","","","","","","","","0.95","","","0.9502840909090908","","","","","0.9022727272727272","0.9022727272727272","","","","","","","","","","","0.9954545454545456","0.9965909090909092","","","","","","","","","1","1","","","","","","","0.9022727272727272","0.9022727272727272","0.9937163194216896","0.9937274768574454"
"context-size-256-movie","0hsihjo6","finished","-","","2022-09-09T10:32:53.000Z","23639","sf86fzh8","64","256","20","greedy","0.00005","bert","document/instance/f1","50000","8","adamw","3","","false","html","context-size-{context_size}-{vertical}","","","","150","1000","movie","1000","","","","","","","","","","","","","","","","0.9375156838143036","0.9354031046569856","0.9396378269617708","","","","0.9325313472316156","","","","0.9153479025370508","0.91328320802005","0.91742195367573","","","","","","","","","","","","","","","","0.9082618025751072","0.9619318181818182","0.8602642276422764","","","","","","","0.9449045327147134","","","","","","","","","","0.9215810020699442","","","","0.969","0.969","0.969","","","","","","","","","","","","","","","","","","","","0.9355","0.9449926470588236","0.91975","","","0.9280256920586294","","","0.9135","0.9261302521008404","","","","","","","","","","","0.861","0.8631137127638443","","","","","","","","","","","","","0.969","0.9778661563110091","","","","","","","0.976933847760344","0.9774164576713384","","","","","","","","","","","","","","","","0.9557566616390144","0.9533600802407222","0.9581653225806452","","","","0.9370426196255864","","","","0.912846347607053","0.9096385542168676","0.916076845298281","","","","","","","","","","","","","","","","0.9098250336473755","0.9673726388093876","0.858739837398374","","","","","","","0.9500890664408064","","","","","","","","","","0.925620501319325","","","","0.9697424356089024","0.969984992496248","0.9695","","","","","","","","","","","","","","","","","","","","0.9535","0.9604980462519936","0.923125","","","0.9300631756580324","","","0.91","0.9197083333333332","","","","","","","","","","","0.8595","0.8620239204493999","","","","","","","","","","","","","0.9695","0.9780224025974026","","","","","","","0.6415966749191284","0.9774211820285384","0.9778660597091278","","","","","","","","","","","","","","","","0.935370741482966","0.9335","0.9372489959839356","","","","0.92859019725085","","","","0.9082684091480272","0.9048572859288934","0.9117053481331988","","","","","","","","","","","","","","","","0.9027216383724064","0.9544159544159544","0.8563394683026585","","","","","","","0.940193310086212","","","","","","","","","","0.9183234531049482","","","","0.968","0.968","0.968","","","","","","","","","","","","","","","","","","","","0.9335","0.9472186274509804","0.914875","","","0.9238788550603808","","","0.905","0.9167944444444444","","","","","","","","","","","0.853","0.8548654352591852","","","","","","","","","","","","","0.968","0.976636913086913","","","","","","","0.9770730410056564","0.97756711467683"
"context-size-256-job","pl13qh48","finished","-","","2022-09-09T09:19:42.000Z","14717","sf86fzh8","64","256","20","greedy","0.00005","bert","document/instance/f1","50000","8","adamw","3","","false","html","context-size-{context_size}-{vertical}","","","","150","1000","job","1000","","","","","","","0.9985","0.9985","0.9985","","","","1","1","1","","","","","","","0.9976242492492492","","","","","","","","","","","","","0.9969969969969972","0.997995991983968","0.996","","","","","","","","","","","","","","","","0.997873997995992","","","","","","","","","","0.997375","","","","0.995","0.995","0.995","","","","","","","","","","","","","","0.9985","0.9989","","","1","1","","","0.997375","","","0.998493344155844","","","","","","","","","0.996","0.997297619047619","","","","","","","","","","","","","","","","","","","0.995","0.9977757575757576","","","","","","","0.9867786797814564","0.9870319617436288","","","","","","","0.999","0.999","0.999","","","","0.9993670886075948","0.9987349778621126","1","","","","","","","0.9974040689761048","","","","","","","","","","","","","0.9967491872968244","0.9969984992496248","0.9965","","","","","","","","","","","","","","","","0.9973083692779344","","","","","","","","","","0.9975","","","","0.9945","0.9945","0.9945","","","","","","","","","","","","","","0.999","0.999","","","0.999","0.999","","","0.99725","","","0.9980853174603176","","","","","","","","","0.9965","0.9980619047619048","","","","","","","","","","","","","","","","","","","0.9945","0.9962793650793652","","","","","","","0.5723705887794495","0.987325234837532","0.9874514141188152","","","","","","","0.9995","0.9995","0.9995","","","","0.999687597625742","0.999375390381012","1","","","","","","","0.998171461687576","","","","","","","","","","","","","0.9964982491245624","0.996996996996997","0.996","","","","","","","","","","","","","","","","0.9982180968445022","","","","","","","","","","0.998125","","","","0.997","0.997","0.997","","","","","","","","","","","","","","0.9995","0.9995","","","0.9995","0.9995","","","0.998","","","0.9988168803418804","","","","","","","","","0.996","0.9979","","","","","","","","","","","","","","","","","","","0.997","0.9983675213675214","","","","","","","0.9867916918733616","0.9871016063782412"
"context-size-256-camera","pl13qh48","finished","-","","2022-09-08T15:48:17.000Z","63037","sf86fzh8","64","256","20","greedy","0.00005","bert","document/instance/f1","50000","8","adamw","3","","false","html","context-size-{context_size}-{vertical}","","","","150","1000","camera","1000","","","","","","","","","","","","","","","","","","","","","","0.9942856446468612","","","","","","","","","","","","","","","","0.9942857142857144","0.9923954372623576","0.9961832061068704","0.9904942965779469","0.9904942965779469","0.9904942965779469","","","","","","","","","","0.9936555523057424","0.9980769230769232","0.9980769230769232","0.9980769230769232","","","","","","","0.99491814192058","","","","","","","","","","","","","","","","","","","","","","","","","","","","0.9936628643852978","","","0.9967982701209732","","","","","","","","","","","0.9923954372623576","0.9936628643852978","0.9904942965779469","0.9986330866620332","","","","","","","0.9980988593155894","0.9980988593155894","","","","","","","","","","","","","","","0.9926758803779184","0.9930766357994116","","","","","","","","","","","","","","","","","","","","","","0.9952444141460908","","","","","","","","","","","","","","","","0.994296577946768","0.994296577946768","0.994296577946768","0.9923954372623576","0.9923954372623576","0.9923954372623576","","","","","","","","","","0.9949254354656216","0.9990412272291468","0.9980842911877394","1","","","","","","","0.9955640050697084","","","","","","","","","","","","","","","","","","","","","","","","","","","","0.9949302915082384","","","0.99781454809052","","","","","","","","","","","0.994296577946768","0.9955640050697084","0.9923954372623576","0.9997807798862626","","","","","","","0.9980988593155894","0.9980988593155894","","","","","","","","","","","","","","","0.05859540402889252","0.9933577116081748","0.9938009736212162","","","","","","","","","","","","","","","","","","","","","","0.9939770078348944","","","","","","","","","","","","","","","","0.9914367269267363","0.9904942965779469","0.9923809523809524","0.9904942965779469","0.9904942965779469","0.9904942965779469","","","","","","","","","","0.9936628643852976","1","1","1","","","","","","","0.9942917496529664","","","","","","","","","","","","","","","","","","","","","","","","","","","","0.9936628643852978","","","0.99742345705836","","","","","","","","","","","0.9904942965779469","0.9930291508238276","0.9904942965779469","0.9992412203512516","","","","","","","1","1","","","","","","","","","","","","","","","0.9925155655882544","0.9928141886068054"
"context-size-256-book","0hsihjo6","finished","-","","2022-09-08T11:32:23.000Z","82773","sf86fzh8","64","256","20","greedy","0.00005","bert","document/instance/f1","50000","8","adamw","3","","false","html","context-size-{context_size}-{vertical}","","","","150","1000","book","1000","","","","0.9728915662650602","0.9719157472417252","0.9738693467336684","","","","","","","","","","","","","","","","0.9905208032847992","","","","","","","","","","1","1","1","","","","","","","","","","","","","","","","","","","0.989872857710234","","","","0.9994977398292316","0.9994977398292316","0.9994977398292316","0.9967229644567684","0.9939668174962292","0.999494438827098","0.9911723050779996","","","","0.9834917458729364","0.983983983983984","0.983","","","","","","","","","","","","0.972","0.9811746123196624","","","","","","","","","0.9897","","","0.9931497720156311","","","","","","","1","1","","","","","","","","","","","","","","","0.9995","0.99975","0.994","0.994","","","0.983","0.9908242477584932","","","","","","","0.9954215948111408","0.995560636804602","","","","0.974823766364552","0.9733534439416792","0.9762985375693394","","","","","","","","","","","","","","","","0.9923600341602395","","","","","","","","","","0.9995","0.9995","0.9995","","","","","","","","","","","","","","","","","","","0.991863264899876","","","","1","1","1","0.9979869149471564","0.9959819186338524","1","0.992859707513868","","","","0.9894894894894896","0.9904809619238476","0.9885","","","","","","","","","","","","0.9735","0.981456938304352","","","","","","","","","0.9915","","","0.994213811348294","","","","","","","0.9995","0.9995","","","","","","","","","","","","","","","1","1","0.996","0.996","","","0.9885","0.9941121184371184","","","","","","","0.016431878320872784","0.9966573229363096","0.9967127502667684","","","","0.9644925711407706","0.9632796780684104","0.9657085224407465","","","","","","","","","","","","","","","","0.988841035074886","","","","","","","","","","1","1","1","","","","","","","","","","","","","","","","","","","0.9882443383384936","","","","0.999748427672956","0.999496981891348","1","0.9972271237711116","0.9949698189134808","0.9994946942900454","0.9894406433461584","","","","0.982737052789592","0.9834752128192288","0.982","","","","","","","","","","","","0.963","0.9709586598237976","","","","","","","","","0.9879","","","0.991459015529447","","","","","","","1","1","","","","","","","","","","","","","","","0.9995","0.9995","0.995","0.995","","","0.982","0.9918364178234385","","","","","","","0.995296831059528","0.9954621282827686"
"context-size-256-auto","pl13qh48","finished","-","","2022-09-08T08:43:37.000Z","25428","sf86fzh8","64","256","20","greedy","0.00005","bert","document/instance/f1","50000","8","adamw","3","","false","html","context-size-{context_size}-{vertical}","","","","150","1000","auto","1000","","","","","","","","","","","","","","","","","","","0.9943467336683416","0.9943467336683416","0.9943467336683416","0.9981683900540068","1","1","1","","","","","","","","","","","","","","","","0.9983268265476856","0.9983268265476856","0.9983268265476856","","","","","","","","","","0.9981683900540068","1","1","1","","","","","","","0.9981683900540068","","","","","","","","","","","","","","","","","","","","","","","","","","","","0.9983268265476856","0.9949804796430564","0.9975300772846784","0.999322763126444","1","1","","","","","","","","","","","0.9983268265476856","0.999760975221098","","","","","","","1","1","","","","","","","","","","","","","","","0.9965275461064166","0.9968614922419808","","","","","","","","","","","","","","","","","","","0.9937027707808564","0.9937027707808564","0.9937027707808564","0.9981466748380712","1","1","1","","","","","","","","","","","","","","","","0.9988839285714286","0.9988839285714286","0.9988839285714286","","","","","","","","","","0.9981466748380712","1","1","1","","","","","","","0.9981466748380712","","","","","","","","","","","","","","","","","","","","","","","","","","","","0.9983258928571428","0.9944196428571428","0.9972342061824728","0.999245772527761","1","1","","","","","","","","","","","0.9988839285714286","0.9997488839285714","","","","","","","1","1","","","","","","","","","","","","","","","0.04487184341996908","0.9965271806630362","0.9968385636625268","","","","","","","","","","","","","","","","","","","0.9918341708542714","0.9918341708542714","0.9918341708542714","0.9976795248564252","1","1","1","","","","","","","","","","","","","","","","0.9988839285714286","0.9988839285714286","0.9988839285714286","","","","","","","","","","0.9976795248564252","1","1","1","","","","","","","0.9976795248564252","","","","","","","","","","","","","","","","","","","","","","","","","","","","0.9979073660714286","0.9927455357142856","0.9960819093262304","0.9989352218752084","1","1","","","","","","","","","","","0.9988839285714286","0.9996589781746033","","","","","","","1","1","","","","","","","","","","","","","","","0.9964753085208656","0.9968019892355195"
"context-size-128-university","0hsihjo6","finished","-","","2022-09-08T05:37:50.000Z","21218","sf86fzh8","64","128","20","greedy","0.00005","bert","document/instance/f1","50000","8","adamw","3","","false","html","context-size-{context_size}-{vertical}","","","","150","1000","university","1000","","","","","","","","","","","","","","","","","","","","","","0.9563466764201332","","","","","","","","","","","","","","","","","","","","","","","","","0.992818671454219","0.992818671454219","0.992818671454219","0.8356736242884251","0.9458762886597938","0.7484704282800816","0.9838973425129752","","","","","","","","","","0.9345458774180472","","","","","","","1","1","1","0.9968944099378882","0.9968944099378882","0.9968944099378882","","","","","","","","","","","","","","","","0.9421005385996408","","","0.9491832280027972","","","","","","","","","","","","","","","","","0.992818671454219","0.9979563026241662","0.7785757031717534","0.7996500527200706","","","","","","","","","","","1","1","0.9970077797725913","0.9991265566669516","","","0.9992058813897894","0.9992829003479876","","","","","","","","","","","","","","","","","","","","","","0.95804788723712","","","","","","","","","","","","","","","","","","","","","","","","","0.9988023952095808","0.9988023952095808","0.9988023952095808","0.8352490421455938","0.9437229437229436","0.7491408934707904","0.9851663626314572","","","","","","","","","","0.936520850068419","","","","","","","1","1","1","0.9981401115933044","0.9981401115933044","0.9981401115933044","","","","","","","","","","","","","","","","0.9446107784431138","","","0.9506205446250356","","","","","","","","","","","","","","","","","0.9988023952095808","0.9996806387225547","0.781437125748503","0.8040490447676075","","","","","","","","","","","1","1","0.9982035928143712","0.99875249500998","","","0.00014400465806829743","0.9993364842031436","0.9993831205727054","","","","","","","","","","","","","","","","","","","","","","0.9565730921313752","","","","","","","","","","","","","","","","","","","","","","","","","0.9964071856287424","0.9964071856287424","0.9964071856287424","0.8317508545385492","0.9415305245055888","0.7448979591836735","0.9840180096231352","","","","","","","","","","0.9348598682926562","","","","","","","1","1","1","0.9981343283582088","0.9981343283582088","0.9981343283582088","","","","","","","","","","","","","","","","0.9425149700598804","","","0.9485968539112252","","","","","","","","","","","","","","","","","0.9964071856287424","0.9987928904096568","0.7754491017964071","0.7961334473909323","","","","","","","","","","","1","1","0.9982035928143712","0.9994610778443114","","","0.9992364060529302","0.9993098928678475"
"context-size-128-restaurant","pl13qh48","finished","-","","2022-09-08T05:03:11.000Z","13173","sf86fzh8","64","128","20","greedy","0.00005","bert","document/instance/f1","50000","8","adamw","3","","false","html","context-size-{context_size}-{vertical}","","","","150","1000","restaurant","1000","0.8246802106847253","0.8273779567186713","0.822","","","","","","","0.8834756403817178","0.8812625250501002","0.8856998992950654","","","","","","","","","","0.8960576922021968","","","","","","","","","","","","","","","","","","","","","","","","","0.972","0.972","0.972","0.9040749177423438","0.9116896375701888","0.8965863453815262","0.89808252983474","","","","","","","","","","0.8940715611691479","","","","","","","","","","","","","","","","0.822","0.8489955284690148","","","","","0.8795","0.9106595238095238","","","","","0.89175","","","0.9104467568120034","","","","","","","","","","","","","","","","","0.972","0.9874028083028082","0.8935","0.8947291666666668","","","","","","","","","","","","","","","","","0.975632645319458","0.976254440308006","0.8231155778894472","0.8272727272727273","0.819","","","","","","","0.864851235501765","0.8596491228070176","0.8701166920345003","","","","","","","","","","0.8910526959855284","","","","","","","","","","","","","","","","","","","","","","","","","0.975","0.975","0.975","0.9012439705509012","0.9102564102564102","0.8924082453494219","0.8930445650840387","","","","","","","","","","0.8891312343459805","","","","","","","","","","","","","","","","0.819","0.8435991089638033","","","","","0.858","0.8893373015873016","","","","","0.88575","","","0.9037458769745504","","","","","","","","","","","","","","","","","0.975","0.9901304306804308","0.891","0.8919166666666666","","","","","","","","","","","","","","","","","0.6731078028678894","0.975649964866764","0.9762508492806066","0.837302582100777","0.8396178984414279","0.835","","","","","","","0.8651233014594866","0.8603603603603603","0.8699392712550608","","","","","","","","","","0.8966801790967529","","","","","","","","","","","","","","","","","","","","","","","","","0.977","0.977","0.977","0.9072948328267476","0.9165813715455476","0.8981945837512537","0.8983899075868339","","","","","","","","","","0.8950334637515787","","","","","","","","","","","","","","","","0.835","0.861556777407214","","","","","0.86","0.8911785714285714","","","","","0.892125","","","0.9100810174592516","","","","","","","","","","","","","","","","","0.977","0.9910887210012208","0.8965","0.8965","","","","","","","","","","","","","","","","","0.9756737422867104","0.9763418170744372"
"context-size-128-nbaplayer","pl13qh48","finished","-","","2022-09-08T00:10:34.000Z","17505","sf86fzh8","64","128","20","greedy","0.00005","bert","document/instance/f1","50000","8","adamw","3","","false","html","context-size-{context_size}-{vertical}","","","","150","1000","nbaplayer","1000","","","","","","","","","","","","","","","","","","","","","","0.9412838915223304","","","","","","","0.8833746898263027","0.9753424657534246","0.8072562358276644","","","","","","","","","","","","","","","","0.9909297052154196","0.9909297052154196","0.9909297052154196","","","","0.9909383198202968","","","","","","","","","","0.9007308212957726","0.9974811083123426","0.9974811083123426","0.9974811083123426","","","","","","","","","","0.8933500627352573","1","0.8072562358276644","","","","","","","","","","","","","0.9007936507936508","","","0.9033581686642912","","","","","0.8072562358276644","0.8125472411186698","","","","","","","","","","","0.9909297052154196","0.9958967714069756","","","","","","","","","0.9977324263038548","0.9977324263038548","","","","","","","0.8072562358276644","0.8072562358276644","0.9919528357750184","0.9919639750907562","","","","","","","","","","","","","","","","","","","","","","0.9368728867190445","","","","","","","0.8721804511278196","0.9720670391061452","0.7909090909090909","","","","","","","","","","","","","","","","0.9931818181818182","0.9931818181818182","0.9931818181818182","","","","0.9905958819437672","","","","","","","","","","0.89375","1","1","1","","","","","","","","","","0.8821292775665399","0.997134670487106","0.7909090909090909","","","","","","","","","","","","","0.89375","","","0.8949810606060605","","","","","0.7909090909090909","0.7946969696969696","","","","","","","","","","","0.9931818181818182","0.9943181818181818","","","","","","","","","1","1","","","","","","","0.7909090909090909","0.7909090909090909","0.590526670217514","0.9917046767480384","0.9917108350446724","","","","","","","","","","","","","","","","","","","","","","0.9415109587889728","","","","","","","0.8802992518703242","0.9751381215469612","0.8022727272727272","","","","","","","","","","","","","","","","0.9954545454545456","0.9954545454545456","0.9954545454545456","","","","0.9926481667503768","","","","","","","","","","0.9","1","1","1","","","","","","","","","","0.8902900378310215","1","0.8022727272727272","","","","","","","","","","","","","0.9","","","0.9014204545454544","","","","","0.8022727272727272","0.8068181818181818","","","","","","","","","","","0.9954545454545456","0.9965909090909092","","","","","","","","","1","1","","","","","","","0.8022727272727272","0.8022727272727272","0.9919598823451355","0.991972860333904"
"context-size-128-movie","0hsihjo6","finished","-","","2022-09-07T22:52:33.000Z","24266","sf86fzh8","64","128","20","greedy","0.00005","bert","document/instance/f1","50000","8","adamw","3","","false","html","context-size-{context_size}-{vertical}","","","","150","1000","movie","1000","","","","","","","","","","","","","","","","0.8997619677334038","0.9486893474623536","0.8556338028169014","","","","0.941869745401448","","","","0.9658291457286432","0.9638916750250752","0.9677744209466264","","","","","","","","","","","","","","","","0.9148878681437448","0.9769186381996536","0.8602642276422764","","","","","","","0.9691249151717706","","","","","","","","","","0.9176681128514512","","","","0.987","0.987","0.987","","","","","","","","","","","","","","","","","","","","0.854","0.8618216666666667","0.9165","","","0.9211262697938029","","","0.964","0.9667261904761904","","","","","","","","","","","0.861","0.8621687480063795","","","","","","","","","","","","","0.987","0.993788474025974","","","","","","","0.9897509103176771","0.9900661026130906","","","","","","","","","","","","","","","","0.9072055304440308","0.9616685456595264","0.8585807750377453","","","","0.943536470551856","","","","0.9642317380352644","0.9622926093514328","0.9661786976274608","","","","","","","","","","","","","","","","0.9152086137281292","0.9742120343839542","0.8629441624365483","","","","","","","0.9714182973487284","","","","","","","","","","0.9188009087754386","","","","0.9875","0.9875","0.9875","","","","","","","","","","","","","","","","","","","","0.8575","0.8644152661064426","0.9175","","","0.9215208370061312","","","0.9625","0.9661726190476192","","","","","","","","","","","0.8625","0.8639363358863359","","","","","","","","","","","","","0.9875","0.9915591269841272","","","","","","","0.6474741697311401","0.9900954000908304","0.990379763312818","","","","","","","","","","","","","","","","0.8972801689992077","0.9465181058495822","0.8529116465863453","","","","0.9396280054275296","","","","0.9625345737993464","0.9593984962406016","0.9656912209889","","","","","","","","","","","","","","","","0.9131972789115644","0.9761489237929027","0.8578732106339468","","","","","","","0.9668913814707716","","","","","","","","","","0.915494019552298","","","","0.9855","0.9855","0.9855","","","","","","","","","","","","","","","","","","","","0.8525","0.8633133333333333","0.913375","","","0.9188098785242534","","","0.959","0.961547619047619","","","","","","","","","","","0.8565","0.8574431637806638","","","","","","","","","","","","","0.9855","0.992935397935398","","","","","","","0.9896109390577308","0.9899393784099132"
"context-size-128-job","pl13qh48","finished","-","","2022-09-07T20:51:55.000Z","11874","sf86fzh8","64","128","20","greedy","0.00005","bert","document/instance/f1","50000","8","adamw","3","","false","html","context-size-{context_size}-{vertical}","","","","150","1000","job","1000","","","","","","","0.9460384311660964","0.998888271261812","0.8985","","","","0.9990633780830472","0.9981285090455396","1","","","","","","","0.9848997011855958","","","","","","","","","","","","","0.9979969954932398","0.9994984954864594","0.9965","","","","","","","","","","","","","","","","0.9982538189484528","","","","","","","","","","0.972875","","","","0.9965","0.9965","0.9965","","","","","","","","","","","","","","0.8985","0.8985","","","0.9985","0.9985","","","0.9725","","","0.9729057416267942","","","","","","","","","0.9965","0.9968333333333332","","","","","","","","","","","","","","","","","","","0.9965","0.9977896331738436","","","","","","","0.9933335834589646","0.9934564947477784","","","","","","","0.9457037427517132","1","0.897","","","","0.9993761696818464","0.9987531172069826","1","","","","","","","0.9851448530458586","","","","","","","","","","","","","0.9989994997498748","0.9994994994994996","0.9985","","","","","","","","","","","","","","","","0.9986881541766206","","","","","","","","","","0.973","","","","0.9965","0.9965","0.9965","","","","","","","","","","","","","","0.897","0.897","","","0.999","0.999","","","0.97275","","","0.9731354166666668","","","","","","","","","0.9985","0.9989285714285716","","","","","","","","","","","","","","","","","","","0.9965","0.9976130952380952","","","","","","","0.0010860724141821263","0.9933936397955118","0.9934262873665132","","","","","","","0.9473684210526316","1","0.9","","","","0.999375390381012","0.9987515605493134","1","","","","","","","0.9853732183074976","","","","","","","","","","","","","0.9987490617963471","0.99949924887331","0.998","","","","","","","","","","","","","","","","0.998562702355656","","","","","","","","","","0.9735","","","","0.996","0.996","0.996","","","","","","","","","","","","","","0.9","0.9","","","0.999","0.999","","","0.97325","","","0.9738894643754938","","","","","","","","","0.998","0.99825","","","","","","","","","","","","","","","","","","","0.996","0.9983078575019751","","","","","","","0.993091426056934","0.9932778228877084"
"context-size-128-camera","0hsihjo6","finished","-","","2022-09-07T19:00:07.000Z","13900","sf86fzh8","64","128","20","greedy","0.00005","bert","document/instance/f1","50000","8","adamw","3","","false","html","context-size-{context_size}-{vertical}","","","","150","1000","camera","1000","","","","","","","","","","","","","","","","","","","","","","0.9729688651573382","","","","","","","","","","","","","","","","0.9828571428571428","0.9809885931558936","0.9847328244274808","0.9408341416100874","0.9603960396039604","0.9220532319391636","","","","","","","","","","0.9772869410786814","0.9952153110047848","0.9904761904761904","1","","","","","","","0.968928685455548","","","","","","","","","","","","","","","","","","","","","","","","","","","","0.964512040557668","","","0.9735742431743254","","","","","","","","","","","0.9809885931558936","0.9835234474017742","0.9220532319391636","0.9467049855432552","","","","","","","0.9904942965779469","0.9904942965779469","","","","","","","","","","","","","","","0.990969271003596","0.9912771015613338","","","","","","","","","","","","","","","","","","","","","","0.978009866263737","","","","","","","","","","","","","","","","0.9914367269267363","0.9904942965779469","0.9923809523809524","0.9473684210526316","0.972","0.9239543726235742","","","","","","","","","","0.9843295310519644","0.9952244508118434","0.9904942965779469","1","","","","","","","0.9721117750015088","","","","","","","","","","","","","","","","","","","","","","","","","","","","0.9683143219264893","","","0.97314870744613","","","","","","","","","","","0.9904942965779469","0.994296577946768","0.9239543726235742","0.934655247813676","","","","","","","0.9904942965779469","0.9904942965779469","","","","","","","","","","","","","","","0.015302468789741395","0.9904931501686548","0.9907424303642984","","","","","","","","","","","","","","","","","","","","","","0.971658907664803","","","","","","","","","","","","","","","","0.9847619047619048","0.9847619047619048","0.9847619047619048","0.933074684772066","0.9524752475247524","0.9144486692015208","","","","","","","","","","0.9771779100778084","0.9971401334604384","0.994296577946768","1","","","","","","","0.9664035246544752","","","","","","","","","","","","","","","","","","","","","","","","","","","","0.9638783269961976","","","0.9739025092936956","","","","","","","","","","","0.9828897338403042","0.9854245880861848","0.9144486692015208","0.9419863618481336","","","","","","","0.994296577946768","0.994296577946768","","","","","","","","","","","","","","","0.9909663444542768","0.9912202210197144"
"context-size-128-book","pl13qh48","finished","-","","2022-09-07T13:37:04.000Z","26030","sf86fzh8","64","128","20","greedy","0.00005","bert","document/instance/f1","50000","8","adamw","3","","false","html","context-size-{context_size}-{vertical}","","","","150","1000","book","1000","","","","0.9726611487333836","0.970956434651978","0.9743718592964824","","","","","","","","","","","","","","","","0.9649786395591188","","","","","","","","","","0.9442105263157896","0.9966666666666668","0.897","","","","","","","","","","","","","","","","","","","0.9747426591115632","","","","1","1","1","0.9954682779456192","0.9914744232698094","0.999494438827098","0.9562732596247162","","","","0.9125532448008018","0.914615770969362","0.9105","","","","","","","","","","","","0.971","0.9750728937728936","","","","","","","","","0.954","","","0.9589701355142825","","","","","","","0.897","0.897","","","","","","","","","","","","","","","1","1","0.9915","0.9915","","","0.9105","0.9312777837985192","","","","","","","0.9935224664600242","0.9936233909220152","","","","0.9741530740276036","0.9709854927463732","0.9773413897280968","","","","","","","","","","","","","","","","0.9702881717076964","","","","","","","","","","0.9456835476252952","0.9950303699613472","0.901","","","","","","","","","","","","","","","","","","","0.9789542038592808","","","","1","1","1","0.9954659949622168","0.9909729187562688","1","0.9625682779456192","","","","0.9361382419233658","0.9377822378324134","0.9345","","","","","","","","","","","","0.971","0.972639393939394","","","","","","","","","0.9595","","","0.963687487613456","","","","","","","0.901","0.901","","","","","","","","","","","","","","","1","1","0.991","0.991","","","0.9345","0.9537980441278868","","","","","","","0.47507745027542114","0.994182033571404","0.9942154231322315","","","","0.9680824327720532","0.9649298597194388","0.9712556732223904","","","","","","","","","","","","","","","","0.9649948925501044","","","","","","","","","","0.9452919516044188","0.9972253052164262","0.8985","","","","","","","","","","","","","","","","","","","0.9744749536940172","","","","1","1","1","0.9972285210380448","0.9944723618090452","1","0.9565511346444782","","","","0.914371557336004","0.9157472417251756","0.913","","","","","","","","","","","","0.965","0.969903823953824","","","","","","","","","0.9542","","","0.960139936474161","","","","","","","0.8985","0.8985","","","","","","","","","","","","","","","1","1","0.9945","0.9945","","","0.913","0.9377958584169812","","","","","","","0.9934888454938162","0.9936196233194382"
"context-size-128-auto","0hsihjo6","finished","-","","2022-09-07T13:36:56.000Z","19339","sf86fzh8","64","128","20","greedy","0.00005","bert","document/instance/f1","50000","8","adamw","3","","false","html","context-size-{context_size}-{vertical}","","","","150","1000","auto","1000","","","","","","","","","","","","","","","","","","","0.9921259842519684","0.9949463044851548","0.989321608040201","0.965203723595594","0.9473046638400968","0.9473046638400968","0.9473046638400968","","","","","","","","","","","","","","","","0.958163858221964","1","0.9196876742889012","","","","","","","","","","0.985562742081313","0.9632203880683464","1","0.9290502793296088","","","","","","","0.946341056374702","","","","","","","","","","","","","","","","","","","","","","","","","","","","0.94771332961517","0.9905186837702176","0.992765516691897","0.9577206543197474","0.9514779698828778","0.9892604357795076","","","","","","","","","","","0.9196876742889012","0.9196876742889012","","","","","","","0.9291689905186836","0.9291689905186836","","","","","","","","","","","","","","","0.9955800500312696","0.9958471852650076","","","","","","","","","","","","","","","","","","","0.9918136020151134","0.9962049335863378","0.987460815047022","0.963764504734473","0.946060606060606","0.946060606060606","0.946060606060606","","","","","","","","","","","","","","","","0.9596750797795184","0.9993957703927492","0.9229910714285714","","","","","","","","","","0.9852634441563388","0.9575087310826542","0.9993924665856622","0.9189944134078212","","","","","","","0.9438767264860052","","","","","","","","","","","","","","","","","","","","","","","","","","","","0.9453125","0.9888392857142856","0.9903809961484594","0.9548521240122304","0.9503348214285714","0.9866167856147476","","","","","","","","","","","0.9229910714285714","0.9233258928571428","","","","","","","0.9190848214285714","0.9190848214285714","","","","","","","","","","","","","","","0.03601946774870157","0.9958748377613412","0.9961165886603656","","","","","","","","","","","","","","","","","","","0.9936948297604036","0.9974683544303796","0.9899497487437184","0.9689232180508548","0.9596385542168676","0.9596385542168676","0.9596385542168676","","","","","","","","","","","","","","","","0.9596750797795184","0.9993957703927492","0.9229910714285714","","","","","","","","","","0.98882554971198","0.9626844084466302","0.9987995198079233","0.9290898939140144","","","","","","","0.950417317075793","","","","","","","","","","","","","","","","","","","","","","","","","","","","0.9513113839285714","0.9905133928571428","0.9912763542917168","0.9582355731799408","0.9626116071428572","0.9890493709677292","","","","","","","","","","","0.9229910714285714","0.9234871031746033","","","","","","","0.9291294642857144","0.9291294642857144","","","","","","","","","","","","","","","0.995573657160196","0.9958164712799148"